{
  "timestamp": "2025-12-31T03:14:59.019403+00:00",
  "readiness": {
    "missing": [
      ".env configuration file"
    ],
    "warnings": [],
    "recommendations": [
      "Copy .env.example to .env and fill in runtime configuration values."
    ],
    "stats": {
      "env_present": false,
      "sensory_samples": {
        "path": "/Users/noone/echo_prime/sensory_input",
        "count": 2
      },
      "audio_samples": {
        "path": "/Users/noone/echo_prime/audio_input",
        "count": 1
      },
      "memory_snapshot": {
        "path": "/Users/noone/echo_prime/memory_data",
        "episodic_bytes": 393344,
        "semantic_entries": 3
      }
    }
  },
  "training_summary": {
    "phase_1_pretraining": {
      "tokens": 1000000,
      "loss_curve": [
        2.19686856828776,
        0.06307760224969403,
        0.36814708588869705,
        0.03094765718827624,
        0.22796044521988465
      ],
      "duration_sec": 0.5368177890777588
    },
    "phase_2_reinforcement": {
      "task_rewards": [
        {
          "task": "Sensorimotor grounding",
          "extrinsic": 0.3452898320683714,
          "intrinsic": 8.456731721575444,
          "total": 1.1909630042259158
        },
        {
          "task": "Tool-use rehearsal",
          "extrinsic": 0.07471275839008829,
          "intrinsic": 8.995432548378913,
          "total": 0.9742560132279796
        },
        {
          "task": "Mission planning",
          "extrinsic": 0.6984635122147851,
          "intrinsic": 9.632089535877508,
          "total": 1.661672465802536
        }
      ],
      "duration_sec": 0.00023889541625976562
    },
    "phase_3_meta_learning": {
      "adaptation_gains": [
        0.43294127954655565,
        0.5310229710636037,
        0.49371795490456516
      ],
      "duration_sec": 3.0994415283203125e-05
    },
    "phase_4_self_improvement": {
      "proposal": "def global_workspace_kernel(signal: np.ndarray) -> float:\n    return float(signal.mean())\n# Optimized by ECH0-PRIME",
      "verified": true
    }
  }
}